X1,X2,X3,X4,X5,X6,X7,X8,X9,X10,Y
0.98,514.5,294.0,110.25,7.0,2,0.0,0.0,299.64874979997904,10.0,15.55
0.98,514.5,294.0,110.25,7.0,3,0.0,0.0,298.1966748093443,7.0,15.55
0.98,514.5,294.0,110.25,7.0,4,0.0,0.0,296.24506970798836,4.0,15.55
0.98,514.5,294.0,110.25,7.0,5,0.0,0.0,300.9122379637031,3.0,15.55
0.9,563.5,318.5,122.5,7.0,2,0.0,0.0,319.9397173339044,9.0,20.84
0.9,563.5,318.5,122.5,7.0,3,0.0,0.0,321.81038088443944,5.0,21.46
0.9,563.5,318.5,122.5,7.0,4,0.0,0.0,321.993115177455,7.0,20.71
0.9,563.5,318.5,122.5,7.0,5,0.0,0.0,322.3020350613661,6.0,19.68
0.86,588.0,294.0,147.0,7.0,2,0.0,0.0,295.40609933453203,2.0,19.5
0.86,588.0,294.0,147.0,7.0,3,0.0,0.0,297.5633769544949,5.0,19.95
0.86,588.0,294.0,147.0,7.0,4,0.0,0.0,297.90965116832405,9.0,19.34
0.86,588.0,294.0,147.0,7.0,5,0.0,0.0,298.205869867384,4.0,18.31
0.82,612.5,318.5,147.0,7.0,2,0.0,0.0,322.7605648816239,6.0,17.05
0.82,612.5,318.5,147.0,7.0,3,0.0,0.0,321.4794039789627,7.0,17.41
0.82,612.5,318.5,147.0,7.0,4,0.0,0.0,323.18988151574297,2.0,16.95
0.82,612.5,318.5,147.0,7.0,5,0.0,0.0,322.1681373628801,6.0,15.98
0.79,637.0,343.0,147.0,7.0,2,0.0,0.0,345.8908135145596,,28.52
0.79,637.0,343.0,147.0,7.0,3,0.0,0.0,349.1847434070674,2.0,29.9
0.79,637.0,343.0,147.0,7.0,4,0.0,0.0,350.3650816824092,2.0,29.63
0.79,637.0,343.0,147.0,7.0,5,0.0,0.0,346.0141766361053,3.0,28.75
0.76,661.5,416.5,122.5,7.0,2,0.0,0.0,423.8496560924939,2.0,24.77
0.76,661.5,416.5,122.5,7.0,3,0.0,0.0,420.53597787416317,8.0,23.93
0.76,661.5,416.5,122.5,7.0,4,0.0,0.0,417.8878341711318,8.0,24.77
0.76,661.5,416.5,122.5,7.0,5,0.0,0.0,419.8725276870403,6.0,23.93
0.74,686.0,245.0,220.5,3.5,2,0.0,0.0,246.2678837792518,3.0,6.07
0.74,686.0,245.0,220.5,3.5,3,0.0,0.0,251.86776525835722,8.0,6.05
0.74,686.0,245.0,220.5,3.5,4,0.0,0.0,248.4796715281929,9.0,6.01
0.74,686.0,245.0,220.5,3.5,5,0.0,0.0,249.63592020563408,9.0,6.04
0.71,710.5,269.5,220.5,3.5,2,0.0,0.0,276.8442532011702,9.0,6.37
0.71,710.5,269.5,220.5,3.5,3,0.0,0.0,274.92620714834715,3.0,6.4
0.71,710.5,269.5,220.5,3.5,4,0.0,,271.7154908887785,9.0,6.366
0.71,710.5,269.5,220.5,3.5,5,0.0,0.0,271.8182034077314,6.0,6.4
0.69,735.0,294.0,220.5,3.5,2,0.0,0.0,296.3876523727353,6.0,6.85
0.69,735.0,294.0,220.5,3.5,3,0.0,0.0,301.2555769372224,2.0,6.79
0.69,735.0,294.0,220.5,3.5,4,0.0,0.0,301.42078483944266,4.0,6.77
0.69,735.0,294.0,220.5,3.5,5,0.0,0.0,299.86625591033567,4.0,6.81
0.66,759.5,318.5,220.5,3.5,2,0.0,0.0,323.2261883456175,7.0,7.18
0.66,759.5,318.5,220.5,3.5,3,0.0,0.0,325.9028239188585,4.0,7.1
0.66,759.5,318.5,220.5,3.5,5,0.0,0.0,321.81117372954526,1.0,7.1
0.64,784.0,343.0,220.5,3.5,2,0.0,0.0,349.25071268370186,6.0,10.85
0.64,784.0,343.0,220.5,3.5,3,0.0,,346.50069431765866,6.0,10.54
0.64,784.0,343.0,220.5,3.5,4,0.0,0.0,345.75590850278064,6.0,10.77
0.64,784.0,343.0,220.5,3.5,5,0.0,0.0,348.67503663353125,5.0,10.56
0.62,808.5,367.5,220.5,3.5,2,0.0,0.0,370.80956028789404,7.0,8.6
,808.5,367.5,220.5,3.5,3,0.0,0.0,369.95094175066873,6.0,8.49
0.62,808.5,367.5,220.5,3.5,4,0.0,0.0,370.2555631731587,6.0,8.45
0.62,808.5,367.5,220.5,3.5,5,0.0,0.0,375.0215394052654,7.0,8.5
0.98,514.5,294.0,110.25,7.0,2,0.1,1.0,295.1965205916017,2.0,24.58
0.98,514.5,294.0,110.25,7.0,3,0.1,1.0,298.73739875780853,9.0,24.63
0.98,514.5,294.0,110.25,7.0,4,0.1,1.0,298.7255220297142,6.0,24.63
0.98,514.5,294.0,110.25,7.0,5,0.1,1.0,301.9021472069801,5.0,24.59
0.9,563.5,318.5,122.5,7.0,2,0.1,1.0,323.59680217553824,1.0,29.03
0.9,563.5,318.5,122.5,7.0,3,0.1,1.0,324.9175573656555,4.0,29.87
0.9,563.5,318.5,122.5,7.0,4,0.1,1.0,324.2710356449509,3.0,29.14
0.9,563.5,318.5,122.5,7.0,5,0.1,1.0,322.15796289770896,3.0,28.09
0.86,588.0,294.0,147.0,7.0,2,0.1,1.0,301.20474874278847,6.0,26.28
0.86,588.0,294.0,147.0,7.0,3,0.1,1.0,298.40274925927434,9.0,26.91
0.86,588.0,294.0,147.0,7.0,4,0.1,1.0,298.91051923867695,,26.37
0.86,588.0,294.0,147.0,7.0,5,0.1,1.0,297.21003306378896,8.0,25.27
0.82,612.5,318.5,147.0,7.0,2,0.1,1.0,325.3557583968731,5.0,23.53
0.82,612.5,318.5,147.0,7.0,3,0.1,1.0,324.25106136261223,9.0,24.03
0.82,612.5,318.5,147.0,7.0,4,0.1,1.0,319.85817950932926,9.0,23.54
0.82,612.5,318.5,147.0,7.0,5,0.1,1.0,325.8985570300057,6.0,22.58
0.79,637.0,343.0,147.0,7.0,2,0.1,1.0,347.2090647605407,8.0,35.56
0.79,637.0,343.0,147.0,7.0,3,0.1,1.0,347.7256249236227,6.0,37.12
0.79,637.0,343.0,147.0,7.0,4,0.1,1.0,347.1725750237215,2.0,36.9
0.79,637.0,343.0,147.0,7.0,5,0.1,1.0,348.4697627687572,3.0,35.94
0.76,661.5,416.5,122.5,7.0,2,0.1,1.0,419.8781692293692,2.0,32.96
0.76,661.5,416.5,122.5,7.0,3,0.1,1.0,423.01500856999587,4.0,32.12
0.76,661.5,416.5,122.5,7.0,4,0.1,1.0,422.51015264550966,3.0,32.94
0.76,661.5,416.5,122.5,7.0,5,0.1,1.0,423.8653975943538,5.0,32.21
0.74,686.0,245.0,220.5,3.5,2,0.1,1.0,251.96768956548652,9.0,10.36
0.74,686.0,245.0,220.5,3.5,3,0.1,1.0,252.63591829431604,8.0,10.43
0.74,686.0,245.0,220.5,3.5,4,0.1,1.0,250.78589407109587,4.0,10.36
0.74,686.0,245.0,220.5,3.5,5,0.1,1.0,252.81223518650896,3.0,10.39
0.71,710.5,269.5,220.5,3.5,2,0.1,1.0,273.59674190764827,2.0,10.71
0.71,710.5,269.5,220.5,3.5,3,0.1,1.0,272.15003338707373,6.0,10.8
0.71,710.5,269.5,220.5,3.5,4,0.1,1.0,277.0896005850566,10.0,10.7
0.71,710.5,269.5,220.5,3.5,5,0.1,1.0,275.63650230737085,8.0,10.75
0.69,735.0,294.0,220.5,3.5,2,0.1,1.0,299.8828499559302,8.0,11.11
0.69,735.0,294.0,220.5,3.5,3,0.1,1.0,297.0905197472973,3.0,11.13
0.69,735.0,294.0,220.5,3.5,4,0.1,1.0,295.53283379528295,7.0,11.09
0.69,735.0,294.0,220.5,3.5,5,0.1,1.0,300.1129363844568,3.0,11.16
0.66,759.5,318.5,220.5,3.5,2,0.1,1.0,325.8611962803769,8.0,11.68
0.66,759.5,318.5,220.5,3.5,3,0.1,1.0,320.42424532474257,2.0,11.69
0.66,759.5,318.5,220.5,3.5,4,0.1,1.0,323.45880748312925,5.0,11.7
0.66,759.5,318.5,220.5,3.5,5,0.1,1.0,322.9507711518067,4.0,11.69
0.64,784.0,343.0,220.5,3.5,2,0.1,1.0,349.65797057652657,7.0,15.41
0.64,784.0,343.0,220.5,3.5,3,0.1,1.0,348.9622854009905,8.0,15.2
0.64,784.0,343.0,220.5,3.5,4,0.1,1.0,344.34339357118466,5.0,15.42
0.64,784.0,343.0,220.5,3.5,5,0.1,1.0,350.5541323924686,7.0,15.21
0.62,808.5,367.5,220.5,3.5,2,0.1,1.0,370.58956707425085,10.0,12.96
0.62,808.5,367.5,220.5,3.5,3,0.1,1.0,375.29595553511655,7.0,12.97
0.62,808.5,367.5,220.5,3.5,4,0.1,1.0,373.8052295293359,9.0,12.93
0.62,808.5,367.5,220.5,3.5,5,0.1,1.0,374.78568993139305,5.0,13.02
0.98,514.5,294.0,110.25,7.0,2,0.1,2.0,300.19620203130836,6.0,24.29
0.98,514.5,294.0,110.25,7.0,3,0.1,2.0,301.19686682372156,8.0,24.31
0.98,514.5,294.0,110.25,7.0,4,0.1,2.0,298.6738012122123,,24.13
0.98,514.5,294.0,110.25,7.0,5,0.1,2.0,299.90460826080795,4.0,24.25
0.9,563.5,318.5,122.5,7.0,2,0.1,2.0,320.8135481642169,8.0,28.88
0.9,563.5,318.5,122.5,7.0,3,0.1,2.0,323.68769402417763,2.0,29.68
0.9,563.5,318.5,122.5,7.0,4,0.1,2.0,325.0032813156408,8.0,28.83
0.9,563.5,318.5,122.5,7.0,5,0.1,2.0,326.43053179539334,7.0,27.9
0.86,588.0,294.0,147.0,7.0,2,0.1,2.0,296.0417217269682,6.0,26.48
0.86,588.0,294.0,147.0,7.0,3,0.1,2.0,298.6419657928483,,27.02
0.86,588.0,294.0,147.0,7.0,4,0.1,2.0,296.7942485834406,5.0,26.33
0.86,588.0,294.0,147.0,7.0,5,0.1,2.0,298.7793136420465,3.0,25.36
0.82,612.5,318.5,147.0,7.0,2,0.1,2.0,320.89887008234047,4.0,23.75
0.82,612.5,318.5,147.0,7.0,3,0.1,,321.8505233713397,5.0,24.23
0.82,612.5,318.5,147.0,7.0,4,0.1,2.0,321.5705069389432,5.0,23.67
0.82,612.5,318.5,147.0,7.0,5,0.1,2.0,321.163104319758,2.0,22.79
0.79,637.0,343.0,147.0,7.0,2,0.1,2.0,350.0836912021199,1.0,35.65
0.79,637.0,343.0,147.0,7.0,3,0.1,2.0,346.7300154424762,3.0,37.26
0.79,637.0,343.0,147.0,7.0,4,0.1,2.0,350.89543465826927,7.0,36.97
0.79,637.0,343.0,147.0,7.0,5,0.1,2.0,346.4743032587589,8.0,36.03
0.76,661.5,416.5,122.5,7.0,2,0.1,2.0,423.5283955905482,5.0,33.16
0.76,661.5,416.5,122.5,7.0,3,0.1,2.0,419.31971586509866,8.0,32.4
0.76,661.5,416.5,122.5,7.0,4,0.1,2.0,420.4610568064382,6.0,33.12
0.76,661.5,416.5,122.5,7.0,5,0.1,2.0,424.0443050682337,9.0,32.41
0.74,686.0,245.0,220.5,3.5,2,0.1,2.0,251.0004503698139,4.0,10.42
0.74,686.0,245.0,220.5,3.5,3,0.1,2.0,249.44637318617228,5.0,10.46
0.74,686.0,245.0,220.5,3.5,4,0.1,2.0,249.9224650617312,10.0,10.32
0.74,686.0,245.0,220.5,3.5,5,0.1,2.0,251.02983732467732,7.0,10.45
0.71,710.5,269.5,220.5,3.5,2,0.1,2.0,276.55170673961925,4.0,10.64
0.71,710.5,269.5,220.5,3.5,3,0.1,2.0,275.7431355671573,4.0,10.72
0.71,710.5,269.5,220.5,3.5,4,0.1,2.0,275.00591590350905,1.0,10.55
0.71,710.5,269.5,220.5,3.5,5,0.1,2.0,272.226910288492,4.0,10.68
0.69,735.0,294.0,220.5,3.5,2,0.1,2.0,295.0349764381032,8.0,11.45
0.69,735.0,294.0,220.5,3.5,3,0.1,2.0,299.49880854780855,9.0,11.46
0.69,735.0,294.0,220.5,3.5,4,0.1,2.0,295.88773269452537,3.0,11.32
0.69,735.0,294.0,220.5,3.5,5,0.1,2.0,301.24073885573495,5.0,11.49
0.66,759.5,318.5,220.5,3.5,2,0.1,2.0,321.09996392479553,7.0,11.45
0.66,759.5,318.5,220.5,3.5,3,0.1,2.0,320.0209820756061,4.0,11.42
0.66,759.5,318.5,220.5,3.5,4,0.1,2.0,324.2583246805617,6.0,11.33
0.66,759.5,318.5,220.5,3.5,5,0.1,2.0,325.2644307709578,7.0,11.43
0.64,784.0,343.0,220.5,3.5,2,0.1,2.0,347.575391348976,7.0,15.41
0.64,784.0,343.0,220.5,3.5,3,0.1,2.0,345.01313921317575,4.0,15.18
0.64,784.0,343.0,220.5,3.5,4,0.1,2.0,349.97312886659995,9.0,15.34
0.64,784.0,343.0,220.5,3.5,5,0.1,2.0,350.67698295077577,9.0,15.19
0.62,808.5,367.5,220.5,3.5,2,0.1,2.0,368.8630129778647,6.0,12.88
0.62,808.5,367.5,220.5,3.5,3,0.1,2.0,369.17343328486885,6.0,13.0
0.62,808.5,367.5,220.5,3.5,4,0.1,2.0,370.50905632812766,9.0,12.97
0.98,514.5,294.0,110.25,7.0,2,0.1,3.0,300.3679555152569,10.0,24.28
0.98,514.5,294.0,110.25,7.0,3,0.1,3.0,301.9856801302241,2.0,24.4
0.98,514.5,294.0,110.25,7.0,4,0.1,3.0,296.9982133355277,8.0,24.11
0.98,514.5,294.0,110.25,7.0,5,0.1,3.0,299.5518693284015,2.0,24.35
0.9,563.5,318.5,122.5,7.0,2,0.1,3.0,321.9502807350243,10.0,28.07
0.9,563.5,318.5,122.5,7.0,3,0.1,3.0,325.72214834035935,,29.01
0.9,563.5,318.5,122.5,7.0,4,0.1,3.0,324.2819338238622,7.0,29.62
0.9,563.5,318.5,122.5,7.0,5,0.1,3.0,322.02705030375773,5.0,29.05
0.86,588.0,294.0,147.0,7.0,2,0.1,3.0,298.58754279835847,5.0,25.41
0.86,588.0,294.0,147.0,7.0,3,0.1,3.0,297.95471329528544,3.0,26.47
0.86,588.0,294.0,147.0,7.0,4,0.1,3.0,298.06795251060396,7.0,26.89
0.86,588.0,294.0,147.0,7.0,5,0.1,3.0,298.7859353535339,6.0,26.46
0.82,612.5,318.5,147.0,7.0,2,0.1,3.0,324.4057970729901,2.0,22.93
0.82,612.5,318.5,147.0,7.0,3,0.1,3.0,325.492064408218,7.0,23.84
0.82,612.5,318.5,147.0,7.0,4,0.1,3.0,319.6563935557183,4.0,24.17
0.82,612.5,318.5,147.0,7.0,5,0.1,3.0,322.60088402294446,5.0,23.87
0.79,637.0,343.0,147.0,7.0,2,0.1,3.0,346.75814144473185,5.0,35.78
0.79,637.0,343.0,147.0,7.0,3,0.1,3.0,344.3197437118885,9.0,35.48
0.79,637.0,343.0,147.0,7.0,4,0.1,3.0,348.98673451385133,3.0,36.97
0.79,637.0,343.0,147.0,7.0,5,0.1,3.0,349.9549808963144,10.0,36.7
0.76,661.5,416.5,122.5,7.0,2,0.1,3.0,422.5848299895133,4.0,32.52
0.76,661.5,416.5,122.5,7.0,3,0.1,3.0,421.7556917815502,1.0,33.28
0.76,661.5,416.5,122.5,7.0,4,0.1,3.0,423.1341484183524,6.0,32.33
0.76,661.5,416.5,122.5,7.0,5,0.1,3.0,424.0331443886365,8.0,33.24
0.74,686.0,245.0,220.5,3.5,2,0.1,3.0,247.6579398172217,5.0,10.39
0.74,686.0,245.0,220.5,3.5,3,0.1,3.0,251.60795700359702,9.0,10.34
0.74,686.0,245.0,220.5,3.5,4,0.1,3.0,248.2058640574861,5.0,10.35
0.74,686.0,245.0,220.5,3.5,5,0.1,3.0,251.00856142421128,4.0,10.38
0.71,710.5,269.5,220.5,3.5,2,0.1,3.0,276.3560256635081,6.0,10.77
0.71,710.5,269.5,220.5,3.5,3,0.1,3.0,274.993288995164,4.0,10.68
0.71,710.5,269.5,220.5,3.5,4,0.1,,273.50721644957787,4.0,10.68
0.71,710.5,269.5,220.5,3.5,5,0.1,3.0,271.43463545164116,5.0,10.7
,735.0,294.0,220.5,3.5,2,0.1,3.0,295.1935008032138,5.0,11.22
0.69,735.0,294.0,220.5,3.5,3,0.1,3.0,297.88933553139174,6.0,11.16
0.69,735.0,294.0,220.5,3.5,4,0.1,3.0,298.0661827504737,5.0,11.1
0.69,735.0,294.0,220.5,3.5,5,0.1,3.0,300.6823159281946,2.0,11.14
0.66,759.5,318.5,220.5,3.5,2,0.1,3.0,324.9584297693345,10.0,11.59
0.66,759.5,318.5,220.5,3.5,3,0.1,3.0,326.21772204962514,10.0,11.6
0.66,759.5,318.5,220.5,3.5,4,0.1,3.0,323.4261535508631,7.0,11.53
0.66,759.5,318.5,220.5,3.5,5,0.1,3.0,322.39367093315377,5.0,11.61
0.64,784.0,343.0,220.5,3.5,2,0.1,3.0,344.7356533816252,6.0,15.16
0.64,784.0,343.0,220.5,3.5,3,0.1,3.0,350.32532470984,6.0,15.36
0.64,784.0,343.0,220.5,3.5,4,0.1,3.0,344.43848926865235,9.0,15.12
0.64,784.0,343.0,220.5,3.5,5,0.1,3.0,347.94756305415166,10.0,15.36
0.62,808.5,367.5,220.5,3.5,2,0.1,3.0,374.29777276319294,9.0,12.68
0.62,808.5,367.5,220.5,3.5,3,0.1,3.0,373.8862129938809,2.0,12.63
0.62,808.5,367.5,220.5,3.5,4,0.1,3.0,374.94120413576286,2.0,12.71
0.98,514.5,294.0,110.25,7.0,2,0.1,4.0,295.03306536991875,4.0,24.38
0.98,514.5,294.0,110.25,7.0,3,0.1,4.0,295.2066698348559,7.0,24.23
0.98,514.5,294.0,110.25,7.0,4,0.1,4.0,300.40362322798217,1.0,24.04
0.98,514.5,294.0,110.25,7.0,5,0.1,4.0,296.88584332693176,1.0,24.32
0.9,563.5,318.5,122.5,7.0,2,0.1,4.0,322.0578088081932,7.0,29.06
0.9,563.5,318.5,122.5,7.0,3,0.1,4.0,319.52308085237485,6.0,28.05
0.9,563.5,318.5,122.5,7.0,4,0.1,4.0,321.36553270792655,4.0,28.86
0.9,563.5,318.5,122.5,7.0,5,0.1,4.0,321.7049812668151,4.0,29.79
0.86,588.0,294.0,147.0,7.0,2,0.1,4.0,295.25508195352114,6.0,26.44
0.86,588.0,294.0,147.0,7.0,3,0.1,4.0,295.0688877029014,1.0,25.37
0.86,588.0,294.0,147.0,7.0,4,0.1,4.0,297.46831269258473,10.0,26.33
0.86,588.0,294.0,147.0,7.0,5,0.1,4.0,298.94943262924573,3.0,27.03
0.82,612.5,318.5,147.0,7.0,2,0.1,4.0,322.3437250470893,6.0,23.8
,612.5,318.5,147.0,7.0,3,0.1,4.0,324.3939999693091,7.0,22.8
0.82,612.5,318.5,147.0,7.0,4,0.1,4.0,319.80231308687604,7.0,23.59
0.82,612.5,318.5,147.0,7.0,5,0.1,4.0,325.5678035763857,3.0,24.24
0.79,637.0,343.0,147.0,7.0,2,0.1,4.0,348.3081478088358,6.0,36.86
0.79,637.0,343.0,147.0,7.0,3,0.1,4.0,346.8284090836081,5.0,35.89
0.79,637.0,343.0,147.0,7.0,5,0.1,4.0,348.8450257341014,8.0,37.1
0.76,661.5,416.5,122.5,7.0,2,0.1,4.0,419.5534028687864,3.0,33.08
0.76,661.5,416.5,122.5,7.0,3,0.1,4.0,418.83846215044343,2.0,32.38
0.76,661.5,416.5,122.5,7.0,5,0.1,4.0,421.1983873144478,7.0,32.31
0.74,686.0,245.0,220.5,3.5,2,0.1,4.0,250.19783416612037,2.0,10.08
0.74,686.0,245.0,220.5,3.5,3,0.1,4.0,251.17037266068337,4.0,10.15
0.74,686.0,245.0,220.5,3.5,4,0.1,4.0,248.47792533505392,6.0,10.07
0.74,686.0,245.0,220.5,3.5,5,0.1,4.0,247.86931946016495,2.0,10.14
0.71,710.5,269.5,220.5,3.5,2,0.1,4.0,272.5072069183341,9.0,10.66
0.71,710.5,269.5,220.5,3.5,3,0.1,4.0,271.91793992666425,4.0,10.68
0.71,710.5,269.5,220.5,3.5,4,0.1,4.0,276.9734231466883,3.0,10.53
0.71,710.5,269.5,220.5,3.5,5,0.1,4.0,277.2067789508503,9.0,10.72
0.69,735.0,294.0,220.5,3.5,2,0.1,4.0,298.57278763482134,8.0,11.18
0.69,735.0,294.0,220.5,3.5,3,0.1,4.0,296.2396736730771,5.0,11.22
0.69,735.0,294.0,220.5,3.5,4,0.1,4.0,301.07231203091027,8.0,11.07
0.69,735.0,294.0,220.5,3.5,5,0.1,4.0,295.18318795790657,2.0,11.2
0.66,759.5,318.5,220.5,3.5,2,0.1,4.0,319.6061423423545,9.0,11.44
0.66,759.5,318.5,220.5,3.5,3,0.1,4.0,321.9999403963007,4.0,11.42
0.66,759.5,318.5,220.5,3.5,4,0.1,4.0,320.3991645641489,2.0,11.33
0.66,759.5,318.5,220.5,3.5,5,0.1,4.0,322.1691800289256,6.0,11.43
,784.0,343.0,220.5,3.5,2,0.1,4.0,350.6211782652848,5.0,15.4
0.64,784.0,343.0,220.5,3.5,3,0.1,4.0,349.0461766651328,3.0,15.19
0.64,784.0,343.0,220.5,3.5,4,0.1,4.0,349.8377705089251,2.0,15.32
0.64,784.0,343.0,220.5,3.5,5,0.1,4.0,346.1518905591313,2.0,15.16
0.62,808.5,367.5,220.5,3.5,2,0.1,,368.8192861732597,7.0,12.85
0.62,808.5,367.5,220.5,3.5,3,0.1,4.0,372.1293707509239,5.0,13.04
0.62,808.5,367.5,220.5,3.5,4,0.1,,372.77200539107923,6.0,13.0
0.62,808.5,367.5,220.5,3.5,5,0.1,4.0,370.2194730684339,2.0,13.0
0.98,514.5,294.0,110.25,7.0,2,0.1,5.0,299.40798131622785,4.0,24.35
0.98,514.5,294.0,110.25,7.0,3,0.1,5.0,297.4453728477347,2.0,24.33
0.98,514.5,294.0,110.25,7.0,4,0.1,5.0,298.6223892653257,4.0,24.03
0.98,514.5,294.0,110.25,7.0,5,0.1,5.0,299.0330925407134,3.0,24.26
0.9,563.5,318.5,122.5,7.0,2,0.1,5.0,323.9818166026913,5.0,29.83
0.9,563.5,318.5,122.5,7.0,3,0.1,5.0,322.38364756161434,8.0,29.08
0.9,563.5,318.5,122.5,7.0,4,0.1,5.0,323.016181206237,2.0,28.03
0.9,563.5,318.5,122.5,7.0,5,0.1,5.0,321.55788025869845,2.0,29.02
0.86,588.0,294.0,147.0,7.0,2,0.1,5.0,301.22859571182545,4.0,27.03
0.86,588.0,294.0,147.0,7.0,3,0.1,5.0,299.2701067278958,2.0,26.45
0.86,588.0,294.0,147.0,7.0,4,0.1,5.0,300.6049912272164,6.0,25.36
0.86,588.0,294.0,147.0,7.0,5,0.1,5.0,300.78372310368616,2.0,26.45
0.82,612.5,318.5,147.0,7.0,2,0.1,5.0,323.0040576347537,9.0,24.37
0.82,612.5,318.5,147.0,7.0,3,0.1,5.0,323.66746684892166,3.0,23.89
0.82,612.5,318.5,147.0,7.0,4,0.1,,320.04899171767056,4.0,22.89
0.82,612.5,318.5,147.0,7.0,5,0.1,5.0,322.11412576379854,10.0,23.86
0.79,637.0,343.0,147.0,7.0,3,0.1,5.0,348.0719639379695,2.0,36.71
0.79,637.0,343.0,147.0,7.0,4,0.1,5.0,344.2660119554846,4.0,36.77
0.79,637.0,343.0,147.0,7.0,5,0.1,5.0,344.8792905494996,3.0,35.48
0.76,661.5,416.5,122.5,7.0,2,0.1,5.0,421.5681827487024,9.0,32.31
0.76,661.5,416.5,122.5,7.0,3,0.1,5.0,419.7664976808901,5.0,33.21
0.76,661.5,416.5,122.5,7.0,4,0.1,5.0,418.3163356676652,2.0,32.46
0.76,661.5,416.5,122.5,7.0,5,0.1,5.0,421.61377901820686,6.0,33.27
0.74,686.0,245.0,220.5,3.5,2,0.1,5.0,249.73456884039248,3.0,10.47
0.74,686.0,245.0,220.5,3.5,3,0.1,5.0,249.80594874220637,1.0,10.37
0.74,686.0,245.0,220.5,3.5,4,0.1,5.0,246.0534439094585,7.0,10.34
0.74,686.0,245.0,220.5,3.5,5,0.1,5.0,250.20463051459942,2.0,10.39
0.71,710.5,269.5,220.5,3.5,2,0.1,5.0,276.92015211876674,6.0,10.78
0.71,710.5,269.5,220.5,3.5,3,0.1,5.0,270.917633886565,6.0,10.7
0.71,710.5,269.5,220.5,3.5,5,0.1,5.0,273.6022811824334,,13.69
0.69,735.0,294.0,220.5,3.5,2,0.1,5.0,299.9377409553742,3.0,11.21
0.69,735.0,294.0,220.5,3.5,3,0.1,5.0,300.4579641777774,3.0,11.14
0.69,735.0,294.0,220.5,3.5,4,0.1,5.0,299.0238696850603,4.0,11.11
0.69,735.0,294.0,220.5,3.5,5,0.1,5.0,296.1302557369341,8.0,11.16
0.66,759.5,318.5,220.5,3.5,2,0.1,5.0,324.2543560377331,4.0,11.38
0.66,759.5,318.5,220.5,3.5,3,0.1,5.0,326.05119637991874,3.0,11.34
0.66,759.5,318.5,220.5,3.5,4,0.1,5.0,323.36337872543373,9.0,11.22
0.66,759.5,318.5,220.5,3.5,5,0.1,5.0,321.65763375740175,10.0,11.34
0.64,784.0,343.0,220.5,3.5,2,0.1,5.0,349.81848059383265,1.0,15.16
0.64,784.0,343.0,220.5,3.5,3,0.1,5.0,348.8917119650588,,15.37
0.64,784.0,343.0,220.5,3.5,4,0.1,5.0,349.99653593911165,1.0,15.12
0.64,784.0,343.0,220.5,3.5,5,0.1,5.0,348.5602981821753,5.0,15.36
0.62,808.5,367.5,220.5,3.5,2,0.1,5.0,369.05878852949763,6.0,12.59
0.62,808.5,367.5,220.5,3.5,3,0.1,5.0,371.44144073650006,6.0,12.74
0.62,808.5,367.5,220.5,3.5,4,0.1,5.0,373.6432627072702,1.0,12.8
0.62,808.5,367.5,220.5,3.5,5,0.1,5.0,372.54972502557234,1.0,12.62
0.98,514.5,294.0,110.25,7.0,2,0.25,1.0,297.13360526083756,9.0,28.15
0.98,514.5,294.0,110.25,7.0,3,0.25,1.0,297.00541183545505,9.0,28.15
0.98,514.5,294.0,110.25,7.0,4,0.25,1.0,301.15781420193156,8.0,28.37
0.98,514.5,294.0,110.25,7.0,5,0.25,1.0,296.7849264601859,2.0,28.41
0.9,563.5,318.5,122.5,7.0,2,0.25,1.0,324.7051729655137,4.0,32.68
0.9,563.5,318.5,122.5,7.0,3,0.25,1.0,320.07931726616926,6.0,33.48
0.9,563.5,318.5,122.5,7.0,4,0.25,1.0,324.38765955008296,5.0,32.84
0.9,563.5,318.5,122.5,7.0,5,0.25,1.0,323.2362361783229,5.0,32.0
0.86,588.0,294.0,147.0,7.0,2,0.25,1.0,298.18230198140833,6.0,29.54
0.86,588.0,294.0,147.0,7.0,3,0.25,1.0,295.3145367114068,6.0,30.05
0.86,588.0,294.0,147.0,7.0,4,0.25,1.0,295.06404377768655,3.0,29.6
0.86,588.0,294.0,147.0,7.0,5,0.25,1.0,297.1468864901057,4.0,28.66
0.82,612.5,318.5,147.0,7.0,2,0.25,1.0,326.29259472252545,9.0,26.84
0.82,612.5,318.5,147.0,7.0,3,0.25,1.0,319.7207022394582,10.0,27.27
0.82,612.5,318.5,147.0,7.0,4,0.25,1.0,326.3664627138548,8.0,26.97
0.82,612.5,318.5,147.0,7.0,5,0.25,1.0,325.1150893463018,3.0,26.19
0.79,637.0,343.0,147.0,7.0,2,0.25,1.0,345.38323463771354,4.0,38.67
0.79,637.0,343.0,147.0,7.0,3,0.25,1.0,347.2817960500171,4.0,40.03
0.79,637.0,343.0,147.0,7.0,4,0.25,1.0,349.9785814503996,5.0,39.86
0.79,637.0,343.0,147.0,7.0,5,0.25,1.0,344.54591897923297,2.0,39.04
0.76,661.5,416.5,122.5,7.0,2,0.25,1.0,419.04130435903835,1.0,36.96
0.76,661.5,416.5,122.5,7.0,3,0.25,1.0,421.916336758593,9.0,36.13
0.76,661.5,416.5,122.5,7.0,4,0.25,1.0,421.3481017954494,9.0,36.91
,661.5,416.5,122.5,7.0,5,0.25,1.0,421.757343911894,10.0,36.43
0.74,686.0,245.0,220.5,3.5,2,0.25,1.0,252.72719054187644,3.0,12.43
0.74,686.0,245.0,220.5,3.5,3,0.25,1.0,250.52466968053827,9.0,12.5
0.74,686.0,245.0,220.5,3.5,4,0.25,1.0,252.77559667717273,5.0,12.41
0.74,686.0,245.0,220.5,3.5,5,0.25,1.0,252.58217136397747,6.0,12.45
0.71,710.5,269.5,220.5,3.5,2,0.25,1.0,273.2341200151784,6.0,12.57
0.71,710.5,269.5,220.5,3.5,3,0.25,1.0,277.02125501190903,5.0,12.65
0.71,710.5,269.5,220.5,3.5,4,0.25,1.0,273.4671807565879,5.0,12.57
0.71,710.5,269.5,220.5,3.5,5,0.25,1.0,274.5788985483257,8.0,12.63
0.69,735.0,294.0,220.5,3.5,2,0.25,1.0,296.6737080724044,2.0,12.78
0.69,735.0,294.0,220.5,3.5,3,0.25,1.0,300.32421180332045,10.0,12.93
0.69,735.0,294.0,220.5,3.5,4,0.25,1.0,298.212119619737,9.0,12.73
0.66,759.5,318.5,220.5,3.5,2,0.25,1.0,323.9191123078067,1.0,13.17
0.66,759.5,318.5,220.5,3.5,3,0.25,1.0,324.11749702981655,9.0,13.18
0.66,759.5,318.5,220.5,3.5,4,0.25,1.0,326.1949950164451,7.0,13.17
0.66,759.5,318.5,220.5,3.5,5,0.25,1.0,326.2024994290639,6.0,13.18
0.64,784.0,343.0,220.5,3.5,2,0.25,1.0,346.3049532508519,3.0,17.5
0.64,784.0,343.0,220.5,3.5,3,0.25,1.0,349.81357391438263,8.0,17.35
0.64,784.0,343.0,220.5,3.5,4,0.25,1.0,349.4430283194829,3.0,17.52
0.64,784.0,343.0,220.5,3.5,5,0.25,1.0,350.65486993957154,8.0,17.37
0.62,808.5,367.5,220.5,3.5,2,0.25,1.0,371.4299232409837,7.0,15.09
0.62,808.5,367.5,220.5,3.5,3,0.25,1.0,372.1982692325836,8.0,15.12
0.62,808.5,367.5,220.5,3.5,4,0.25,1.0,373.7863896339754,1.0,15.08
0.62,808.5,367.5,220.5,3.5,5,0.25,1.0,372.5556354009244,9.0,15.16
0.98,514.5,294.0,110.25,7.0,2,0.25,2.0,298.1084768417562,10.0,28.67
0.98,514.5,294.0,110.25,7.0,3,0.25,2.0,300.5175889279912,7.0,28.57
0.98,514.5,294.0,110.25,7.0,4,0.25,2.0,296.8138237671808,10.0,28.18
0.98,514.5,294.0,110.25,7.0,5,0.25,2.0,297.1949059645502,3.0,28.6
0.9,563.5,318.5,122.5,7.0,2,0.25,2.0,322.99591044674423,5.0,32.46
0.9,563.5,318.5,122.5,7.0,3,0.25,2.0,325.272623011022,8.0,33.27
0.9,563.5,318.5,122.5,7.0,4,0.25,2.0,322.7712765872854,6.0,32.33
0.9,563.5,318.5,122.5,7.0,5,0.25,2.0,321.6165780628538,5.0,31.66
0.86,588.0,294.0,147.0,7.0,2,0.25,2.0,298.35099244870014,5.0,29.34
0.86,588.0,294.0,147.0,7.0,3,0.25,2.0,295.03484017152334,1.0,29.87
0.86,588.0,294.0,147.0,7.0,4,0.25,2.0,299.46725139839054,4.0,29.27
0.86,588.0,294.0,147.0,7.0,5,0.25,2.0,297.8123411017792,2.0,28.4
0.82,612.5,318.5,147.0,7.0,2,0.25,2.0,319.88315177580324,4.0,25.74
0.82,612.5,318.5,147.0,7.0,4,0.25,2.0,319.92371403413006,8.0,25.38
0.82,612.5,318.5,147.0,7.0,5,0.25,2.0,324.88076029089007,5.0,24.94
0.79,637.0,343.0,147.0,7.0,2,0.25,,344.57809600252534,6.0,38.57
0.79,637.0,343.0,147.0,7.0,3,0.25,2.0,350.81756941503016,9.0,40.19
0.79,637.0,343.0,147.0,7.0,5,0.25,2.0,349.4723079552347,2.0,38.98
0.76,661.5,416.5,122.5,7.0,2,0.25,2.0,419.29376057917875,7.0,36.95
0.76,661.5,416.5,122.5,7.0,3,0.25,2.0,424.3627236037936,8.0,36.28
0.76,661.5,416.5,122.5,7.0,5,0.25,2.0,418.7980397579414,8.0,36.45
0.74,686.0,245.0,220.5,3.5,2,0.25,2.0,252.02258956488805,9.0,12.35
0.74,686.0,245.0,220.5,3.5,3,0.25,2.0,246.49302840125304,3.0,12.45
0.74,686.0,245.0,220.5,3.5,4,0.25,2.0,247.634667138425,5.0,12.16
0.74,686.0,245.0,220.5,3.5,5,0.25,2.0,252.50889205044797,5.0,12.3
0.71,710.5,269.5,220.5,3.5,2,0.25,2.0,271.84747390044106,2.0,12.33
0.71,710.5,269.5,220.5,3.5,3,0.25,2.0,275.52380803120263,8.0,12.29
0.71,710.5,269.5,220.5,3.5,4,0.25,2.0,274.60625786076315,10.0,12.2
0.71,710.5,269.5,220.5,3.5,5,0.25,2.0,272.81628046009445,3.0,12.49
0.69,735.0,294.0,220.5,3.5,2,0.25,2.0,299.82478825078704,3.0,12.85
0.69,735.0,294.0,220.5,3.5,3,0.25,2.0,301.6952301194662,1.0,12.87
0.69,735.0,294.0,220.5,3.5,4,0.25,2.0,297.2589150196175,4.0,12.73
0.69,735.0,294.0,220.5,3.5,5,0.25,2.0,299.3500384520296,5.0,12.95
0.66,759.5,318.5,220.5,3.5,2,0.25,2.0,321.51552561277884,10.0,13.05
0.66,759.5,318.5,220.5,3.5,3,0.25,2.0,324.9070007996737,3.0,12.93
0.66,759.5,318.5,220.5,3.5,4,0.25,2.0,325.3954118146832,4.0,12.77
0.66,759.5,318.5,220.5,3.5,5,0.25,2.0,323.4854728126373,10.0,13.0
0.64,784.0,343.0,220.5,3.5,2,0.25,2.0,344.8944707517544,4.0,17.14
0.64,784.0,343.0,220.5,3.5,3,0.25,2.0,346.61502299736395,4.0,16.84
0.64,784.0,343.0,220.5,3.5,4,0.25,2.0,349.8353421342069,2.0,17.02
0.64,784.0,343.0,220.5,3.5,5,0.25,2.0,345.9656711371887,8.0,17.11
0.62,808.5,367.5,220.5,3.5,2,0.25,,373.19248627465345,9.0,14.34
0.62,808.5,367.5,220.5,3.5,3,0.25,2.0,372.49056867745486,3.0,14.66
0.62,808.5,367.5,220.5,3.5,4,0.25,2.0,369.8320661494219,6.0,14.6
0.62,808.5,367.5,220.5,3.5,5,0.25,2.0,375.4262074273035,7.0,14.6
0.98,514.5,294.0,110.25,7.0,2,0.25,3.0,298.0289313160505,7.0,28.67
0.98,514.5,294.0,110.25,7.0,3,0.25,3.0,298.86393062921405,8.0,28.56
0.98,514.5,294.0,110.25,7.0,4,0.25,3.0,296.65855409136213,6.0,28.17
0.98,514.5,294.0,110.25,7.0,5,0.25,3.0,295.5675239113235,6.0,28.63
0.9,563.5,318.5,122.5,7.0,2,0.25,3.0,324.1894887363578,8.0,31.63
0.9,563.5,318.5,122.5,7.0,3,0.25,3.0,323.2480249966261,7.0,32.4
0.9,563.5,318.5,122.5,7.0,4,0.25,3.0,323.22950463938287,6.0,32.68
0.9,563.5,318.5,122.5,7.0,5,0.25,3.0,320.9817095378873,7.0,32.29
0.86,588.0,294.0,147.0,7.0,2,0.25,3.0,299.14224415534255,8.0,28.4
0.86,588.0,294.0,147.0,7.0,3,0.25,3.0,298.6912573353996,4.0,29.4
0.86,588.0,294.0,147.0,7.0,4,0.25,3.0,295.3211328947518,4.0,29.43
0.86,588.0,294.0,147.0,7.0,5,0.25,3.0,298.46811069711066,2.0,29.07
0.82,612.5,318.5,147.0,7.0,2,0.25,3.0,323.11097502872667,10.0,24.7
0.82,612.5,318.5,147.0,7.0,3,0.25,3.0,324.60750477335824,4.0,25.48
0.82,612.5,318.5,147.0,7.0,4,0.25,,326.46948549222776,2.0,25.37
0.82,612.5,318.5,147.0,7.0,5,0.25,,325.38287777636054,3.0,25.17
0.79,637.0,343.0,147.0,7.0,2,0.25,3.0,344.9063529361921,9.0,39.04
0.79,637.0,343.0,147.0,7.0,3,0.25,3.0,347.3120510517903,6.0,38.35
0.79,637.0,343.0,147.0,7.0,4,0.25,3.0,347.204265105778,9.0,39.81
0.79,637.0,343.0,147.0,7.0,5,0.25,3.0,350.9647275272587,9.0,39.83
0.76,661.5,416.5,122.5,7.0,2,0.25,3.0,421.86433299117107,3.0,35.99
0.76,661.5,416.5,122.5,7.0,3,0.25,3.0,423.86166825349676,7.0,36.59
0.76,661.5,416.5,122.5,7.0,4,0.25,3.0,417.52755625534735,3.0,35.64
0.76,661.5,416.5,122.5,7.0,5,0.25,3.0,419.116652033069,3.0,36.52
0.74,686.0,245.0,220.5,3.5,2,0.25,3.0,251.11007925117082,8.0,11.8
0.74,686.0,245.0,220.5,3.5,3,0.25,3.0,248.47248040452644,9.0,12.03
0.74,686.0,245.0,220.5,3.5,4,0.25,3.0,249.1295210641883,5.0,11.98
0.74,686.0,245.0,220.5,3.5,5,0.25,3.0,246.87799960005106,2.0,11.69
0.71,710.5,269.5,220.5,3.5,2,0.25,3.0,270.86027644406744,6.0,12.41
0.71,710.5,269.5,220.5,3.5,3,0.25,3.0,276.1244016529773,8.0,12.28
0.71,710.5,269.5,220.5,3.5,4,0.25,3.0,275.4257092216096,4.0,12.1
0.71,710.5,269.5,220.5,3.5,5,0.25,3.0,270.8884223907169,6.0,12.19
0.69,735.0,294.0,220.5,3.5,2,0.25,3.0,300.2368925714153,5.0,12.34
0.69,735.0,294.0,220.5,3.5,3,0.25,3.0,295.10372051532477,8.0,12.46
0.69,735.0,294.0,220.5,3.5,4,0.25,3.0,298.14054064746637,1.0,12.31
0.69,735.0,294.0,220.5,3.5,5,0.25,3.0,298.05028452693034,1.0,12.12
0.66,759.5,318.5,220.5,3.5,2,0.25,3.0,323.70535305209245,10.0,12.97
0.66,759.5,318.5,220.5,3.5,3,0.25,3.0,324.3767096128839,4.0,13.01
0.66,759.5,318.5,220.5,3.5,4,0.25,3.0,320.0109394777265,4.0,12.74
0.66,759.5,318.5,220.5,3.5,5,0.25,3.0,325.77142214095113,6.0,12.84
0.64,784.0,343.0,220.5,3.5,2,0.25,3.0,349.68126311852166,3.0,16.83
0.64,784.0,343.0,220.5,3.5,3,0.25,3.0,349.0308603270216,5.0,16.93
0.64,784.0,343.0,220.5,3.5,4,0.25,3.0,345.6646083173088,6.0,16.66
0.64,784.0,343.0,220.5,3.5,5,0.25,3.0,349.7524467575898,8.0,16.86
0.62,808.5,367.5,220.5,3.5,2,0.25,3.0,372.6990521850297,2.0,13.91
0.62,808.5,367.5,220.5,3.5,3,0.25,3.0,369.24347655610035,6.0,14.34
0.62,808.5,367.5,220.5,3.5,4,0.25,3.0,371.21099102646383,4.0,13.95
0.62,808.5,367.5,220.5,3.5,5,0.25,3.0,371.19358646406,8.0,13.99
0.98,514.5,294.0,110.25,7.0,2,0.25,4.0,301.7741516220176,2.0,28.7
0.98,514.5,294.0,110.25,7.0,3,0.25,4.0,296.842000782993,7.0,28.55
0.98,514.5,294.0,110.25,7.0,4,0.25,4.0,301.91800670177935,6.0,28.15
0.98,514.5,294.0,110.25,7.0,5,0.25,4.0,301.622084488908,9.0,28.62
0.9,563.5,318.5,122.5,7.0,2,0.25,4.0,323.8839321892147,2.0,32.67
0.9,563.5,318.5,122.5,7.0,3,0.25,,319.58569479758233,8.0,31.69
0.9,563.5,318.5,122.5,7.0,4,0.25,4.0,324.84115528314885,2.0,32.07
0.9,563.5,318.5,122.5,7.0,5,0.25,4.0,322.8582348347831,4.0,33.28
0.86,588.0,294.0,147.0,7.0,2,0.25,4.0,298.5499089068265,2.0,29.47
0.86,588.0,294.0,147.0,7.0,3,0.25,4.0,295.0241616611438,4.0,28.42
0.86,588.0,294.0,147.0,7.0,4,0.25,4.0,299.6507227273181,10.0,29.08
0.86,588.0,294.0,147.0,7.0,5,0.25,4.0,298.9374250093321,5.0,29.88
0.82,612.5,318.5,147.0,7.0,2,0.25,4.0,321.01540715791725,10.0,25.66
0.82,612.5,318.5,147.0,7.0,3,0.25,4.0,320.258924955385,5.0,24.96
0.82,612.5,318.5,147.0,7.0,4,0.25,4.0,324.28921334093883,2.0,25.43
0.82,612.5,318.5,147.0,7.0,5,0.25,4.0,322.01485810598336,8.0,26.0
0.79,637.0,343.0,147.0,7.0,2,0.25,,345.50609587524116,7.0,40.0
0.79,637.0,343.0,147.0,7.0,3,0.25,4.0,350.248668659526,5.0,38.84
0.79,637.0,343.0,147.0,7.0,4,0.25,4.0,345.46690196337255,8.0,38.33
0.79,637.0,343.0,147.0,7.0,5,0.25,4.0,346.8746493924718,2.0,40.12
0.76,661.5,416.5,122.5,7.0,2,0.25,4.0,423.7875783146296,5.0,36.95
0.76,661.5,416.5,122.5,7.0,3,0.25,4.0,421.6598167299907,7.0,36.45
0.76,661.5,416.5,122.5,7.0,4,0.25,4.0,420.4059809048846,,36.81
0.76,661.5,416.5,122.5,7.0,5,0.25,4.0,420.51625116281303,,36.26
0.74,686.0,245.0,220.5,3.5,2,0.25,4.0,246.90431078447233,5.0,12.32
0.74,686.0,245.0,220.5,3.5,3,0.25,,252.5523384580708,10.0,12.3
0.74,686.0,245.0,220.5,3.5,4,0.25,4.0,250.4212640859001,7.0,12.18
0.74,686.0,245.0,220.5,3.5,5,0.25,4.0,252.9074633945487,7.0,12.43
0.71,710.5,269.5,220.5,3.5,2,0.25,4.0,276.7337174400089,2.0,12.36
0.71,710.5,269.5,220.5,3.5,3,0.25,4.0,274.89297795988034,2.0,12.49
0.71,710.5,269.5,220.5,3.5,4,0.25,4.0,273.1731032977529,1.0,12.17
0.71,710.5,269.5,220.5,3.5,5,0.25,4.0,271.5858312087204,3.0,12.28
0.69,735.0,294.0,220.5,3.5,2,0.25,4.0,295.59364404339084,9.0,12.91
0.69,735.0,294.0,220.5,3.5,3,0.25,4.0,300.81264111635227,7.0,12.95
0.69,735.0,294.0,220.5,3.5,4,0.25,4.0,295.0049995308824,4.0,12.67
0.69,735.0,294.0,220.5,3.5,5,0.25,4.0,295.21190745409643,5.0,12.86
0.66,759.5,318.5,220.5,3.5,2,0.25,4.0,326.1279231789311,8.0,12.95
0.66,759.5,318.5,220.5,3.5,3,0.25,4.0,323.48850413430404,3.0,13.0
0.66,759.5,318.5,220.5,3.5,4,0.25,4.0,319.74165212077037,6.0,12.86
0.66,759.5,318.5,220.5,3.5,5,0.25,4.0,324.2099472632231,3.0,12.92
0.64,784.0,343.0,220.5,3.5,2,0.25,4.0,344.2874404723671,8.0,16.99
0.64,784.0,343.0,220.5,3.5,3,0.25,4.0,347.43158447299027,5.0,16.69
0.64,784.0,343.0,220.5,3.5,4,0.25,4.0,349.32202263308244,10.0,16.56
0.64,784.0,343.0,220.5,3.5,5,0.25,4.0,349.32733712573736,9.0,16.62
0.62,808.5,367.5,220.5,3.5,2,0.25,4.0,375.47996663889916,10.0,14.33
0.62,808.5,367.5,220.5,3.5,3,0.25,4.0,373.0814963930756,3.0,14.61
0.62,808.5,367.5,220.5,3.5,4,0.25,4.0,372.59505520343663,2.0,14.61
0.62,808.5,367.5,220.5,3.5,5,0.25,4.0,368.5212796170091,10.0,14.65
0.98,514.5,294.0,110.25,7.0,2,0.25,5.0,300.80421122323514,5.0,28.69
0.98,514.5,294.0,110.25,7.0,3,0.25,5.0,301.272242735187,5.0,28.58
0.98,514.5,294.0,110.25,7.0,4,0.25,5.0,296.6184754917679,4.0,28.15
0.98,514.5,294.0,110.25,7.0,5,0.25,5.0,296.2052730145938,4.0,28.61
0.9,563.5,318.5,122.5,7.0,2,0.25,,323.5465655955118,10.0,33.13
0.9,563.5,318.5,122.5,7.0,3,0.25,5.0,325.041787923231,5.0,32.31
0.9,563.5,318.5,122.5,7.0,4,0.25,5.0,322.71222568388686,3.0,31.53
0.9,563.5,318.5,122.5,7.0,5,0.25,5.0,320.0595759138859,2.0,32.46
0.86,588.0,294.0,147.0,7.0,2,0.25,5.0,298.14826353072135,5.0,29.71
0.86,588.0,294.0,147.0,7.0,3,0.25,5.0,297.5285574168684,6.0,29.09
0.86,588.0,294.0,147.0,7.0,4,0.25,5.0,297.73760875350297,4.0,28.31
0.86,588.0,294.0,147.0,7.0,5,0.25,5.0,300.54367232347846,2.0,29.39
0.82,612.5,318.5,147.0,7.0,2,0.25,5.0,325.1573328306258,6.0,25.7
0.82,612.5,318.5,147.0,7.0,3,0.25,5.0,321.34156372798014,2.0,25.17
0.82,612.5,318.5,147.0,7.0,4,0.25,5.0,319.673946826148,8.0,24.6
0.82,612.5,318.5,147.0,7.0,5,0.25,5.0,326.0229660494052,4.0,25.49
0.79,637.0,343.0,147.0,7.0,2,0.25,5.0,346.10723364847905,5.0,39.89
0.79,637.0,343.0,147.0,7.0,3,0.25,5.0,346.1697364513023,6.0,39.83
0.79,637.0,343.0,147.0,7.0,4,0.25,5.0,348.4259492906944,4.0,39.01
0.79,637.0,343.0,147.0,7.0,5,0.25,5.0,350.48936060454884,5.0,38.65
0.76,661.5,416.5,122.5,7.0,2,0.25,5.0,423.4373748737787,1.0,35.69
0.76,661.5,416.5,122.5,7.0,3,0.25,5.0,419.3465670452684,8.0,36.64
0.76,661.5,416.5,122.5,7.0,4,0.25,5.0,422.34767157417406,5.0,36.06
0.76,661.5,416.5,122.5,7.0,5,0.25,5.0,424.18655876379705,2.0,36.7
0.74,686.0,245.0,220.5,3.5,2,0.25,5.0,249.2605247675559,4.0,12.12
0.74,686.0,245.0,220.5,3.5,3,0.25,5.0,248.37242432319096,7.0,11.67
0.74,686.0,245.0,220.5,3.5,4,0.25,5.0,247.3193896824395,9.0,11.64
0.74,686.0,245.0,220.5,3.5,5,0.25,5.0,246.9667835939239,10.0,12.02
0.71,710.5,269.5,220.5,3.5,2,0.25,5.0,271.4102720512208,9.0,12.27
0.71,710.5,269.5,220.5,3.5,3,0.25,5.0,275.74264356640884,9.0,12.19
0.71,710.5,269.5,220.5,3.5,4,0.25,5.0,271.270180626315,1.0,12.25
0.71,710.5,269.5,220.5,3.5,5,0.25,5.0,272.0127257159259,6.0,12.27
0.69,735.0,294.0,220.5,3.5,2,0.25,5.0,300.414105092134,7.0,12.47
0.69,735.0,294.0,220.5,3.5,3,0.25,5.0,297.64000228731584,10.0,12.12
0.69,735.0,294.0,220.5,3.5,4,0.25,5.0,301.5202012915425,2.0,12.18
0.69,735.0,294.0,220.5,3.5,5,0.25,,299.54728920223494,7.0,12.47
0.66,759.5,318.5,220.5,3.5,2,0.25,5.0,323.7496347471789,7.0,12.93
0.66,759.5,318.5,220.5,3.5,3,0.25,5.0,326.3292034200348,6.0,12.82
0.66,759.5,318.5,220.5,3.5,5,0.25,5.0,323.91428712997606,3.0,13.02
0.64,784.0,343.0,220.5,3.5,2,0.25,,348.9484413948732,8.0,16.73
0.64,784.0,343.0,220.5,3.5,3,0.25,5.0,348.14883128200415,4.0,16.86
0.64,784.0,343.0,220.5,3.5,4,0.25,5.0,348.6249076212999,3.0,16.76
0.64,784.0,343.0,220.5,3.5,5,0.25,5.0,346.5211943170531,6.0,16.92
0.62,808.5,367.5,220.5,3.5,2,0.25,5.0,369.8722189719826,2.0,13.68
0.62,808.5,367.5,220.5,3.5,3,0.25,5.0,374.7529867912949,9.0,13.99
0.62,808.5,367.5,220.5,3.5,5,0.25,5.0,371.1853098654716,2.0,13.86
0.98,514.5,294.0,110.25,7.0,2,0.4,1.0,296.916946227762,,32.26
0.98,514.5,294.0,110.25,7.0,3,0.4,1.0,296.10742645474636,8.0,32.26
0.98,514.5,294.0,110.25,7.0,4,0.4,1.0,299.68703150141533,8.0,32.49
0.98,514.5,294.0,110.25,7.0,5,0.4,1.0,296.9900373655953,10.0,32.53
0.9,563.5,318.5,122.5,7.0,2,0.4,1.0,323.15979048832054,5.0,36.47
0.9,563.5,318.5,122.5,7.0,3,0.4,1.0,325.00564415426936,7.0,37.24
0.9,563.5,318.5,122.5,7.0,4,0.4,1.0,322.61732134508503,9.0,36.66
0.9,563.5,318.5,122.5,7.0,5,0.4,1.0,326.4658647347279,7.0,35.96
0.86,588.0,294.0,147.0,7.0,2,0.4,1.0,300.84373175139046,6.0,31.89
0.86,588.0,294.0,147.0,7.0,3,0.4,1.0,299.26745564036776,10.0,32.39
0.86,588.0,294.0,147.0,7.0,4,0.4,1.0,298.75139142374763,7.0,32.09
0.86,588.0,294.0,147.0,7.0,5,0.4,1.0,298.20591479672606,1.0,31.29
0.82,612.5,318.5,147.0,7.0,2,0.4,1.0,319.64789029406813,7.0,29.22
0.82,612.5,318.5,147.0,7.0,3,0.4,1.0,322.56220405735706,5.0,29.91
0.82,612.5,318.5,147.0,7.0,4,0.4,1.0,319.624381282734,2.0,29.53
0.82,612.5,318.5,147.0,7.0,5,0.4,1.0,323.28335546677795,1.0,28.65
0.79,637.0,343.0,147.0,7.0,2,0.4,1.0,349.6352902516131,2.0,41.4
0.79,637.0,343.0,147.0,7.0,3,0.4,1.0,347.9380790386447,4.0,42.62
0.79,637.0,343.0,147.0,7.0,4,0.4,1.0,348.23831843413046,2.0,42.5
0.79,637.0,343.0,147.0,7.0,5,0.4,1.0,349.58113905514074,8.0,41.67
0.76,661.5,416.5,122.5,7.0,2,0.4,1.0,418.99425379706815,9.0,40.78
0.76,661.5,416.5,122.5,7.0,3,0.4,1.0,420.78297532366986,10.0,39.97
0.76,661.5,416.5,122.5,7.0,4,0.4,1.0,417.5199095087379,10.0,40.71
0.76,661.5,416.5,122.5,7.0,5,0.4,1.0,422.26602496554887,9.0,40.43
0.74,686.0,245.0,220.5,3.5,2,0.4,1.0,246.74634078936234,6.0,14.52
0.74,686.0,245.0,220.5,3.5,3,0.4,1.0,252.13640801887948,4.0,14.61
0.74,686.0,245.0,220.5,3.5,4,0.4,1.0,247.56565605094804,3.0,14.5
0.74,686.0,245.0,220.5,3.5,5,0.4,1.0,248.03903136932226,5.0,14.55
0.71,710.5,269.5,220.5,3.5,2,0.4,1.0,270.79136326506523,6.0,14.51
0.71,710.5,269.5,220.5,3.5,3,0.4,1.0,271.25584906525296,7.0,14.6
0.71,710.5,269.5,220.5,3.5,4,0.4,1.0,273.88259608919174,5.0,14.5
0.71,710.5,269.5,220.5,3.5,5,0.4,1.0,273.52990476961344,7.0,14.58
0.69,735.0,294.0,220.5,3.5,2,0.4,1.0,299.22098096117895,9.0,14.51
0.69,735.0,294.0,220.5,3.5,3,0.4,1.0,297.8397617516416,1.0,14.7
0.69,735.0,294.0,220.5,3.5,4,0.4,1.0,301.8822367097795,2.0,14.42
0.69,735.0,294.0,220.5,3.5,5,0.4,1.0,299.91894768285454,3.0,14.42
0.66,759.5,318.5,220.5,3.5,2,0.4,1.0,322.971737869928,2.0,15.23
0.66,759.5,318.5,220.5,3.5,3,0.4,1.0,323.48766949712353,8.0,15.23
0.66,759.5,318.5,220.5,3.5,4,0.4,1.0,319.51305972426485,4.0,15.23
0.66,759.5,318.5,220.5,3.5,5,0.4,1.0,322.13424904719585,5.0,15.23
0.64,784.0,343.0,220.5,3.5,2,0.4,1.0,344.24783890325796,8.0,19.52
0.64,784.0,343.0,220.5,3.5,3,0.4,1.0,345.3391245279642,5.0,19.36
0.64,784.0,343.0,220.5,3.5,4,0.4,1.0,348.5837298563028,8.0,19.48
0.64,784.0,343.0,220.5,3.5,5,0.4,1.0,349.8641891465913,8.0,19.42
0.62,808.5,367.5,220.5,3.5,2,0.4,1.0,373.5004041553528,5.0,15.09
0.62,808.5,367.5,220.5,3.5,3,0.4,1.0,375.49647783085885,4.0,17.17
0.62,808.5,367.5,220.5,3.5,4,0.4,1.0,370.2416856546652,2.0,17.14
0.62,808.5,367.5,220.5,3.5,5,0.4,1.0,374.1868550951737,8.0,17.14
0.98,514.5,294.0,110.25,7.0,2,0.4,2.0,300.4484999090631,2.0,32.82
0.98,514.5,294.0,110.25,7.0,3,0.4,2.0,299.8169016054253,4.0,32.71
0.98,514.5,294.0,110.25,7.0,4,0.4,,298.07429467175797,3.0,32.24
0.98,514.5,294.0,110.25,7.0,5,0.4,2.0,298.4832045609824,4.0,32.72
0.9,563.5,318.5,122.5,7.0,2,0.4,2.0,319.8543815371133,6.0,35.84
0.9,563.5,318.5,122.5,7.0,3,0.4,2.0,319.8446800847969,5.0,36.57
0.9,563.5,318.5,122.5,7.0,4,0.4,2.0,324.8233311813386,7.0,36.06
0.9,563.5,318.5,122.5,7.0,5,0.4,2.0,324.94940505691136,2.0,35.69
0.86,588.0,294.0,147.0,7.0,2,0.4,2.0,301.15796258844557,6.0,32.48
0.86,588.0,294.0,147.0,7.0,3,0.4,2.0,299.00701339144814,9.0,32.74
0.86,588.0,294.0,147.0,7.0,4,0.4,2.0,297.68300281580304,6.0,32.13
0.86,588.0,294.0,147.0,7.0,5,0.4,2.0,300.47697138959273,3.0,31.64
0.82,612.5,318.5,147.0,7.0,2,0.4,2.0,324.19829867272244,6.0,28.95
0.82,612.5,318.5,147.0,7.0,3,0.4,2.0,323.92042385430284,4.0,29.49
0.82,612.5,318.5,147.0,7.0,4,0.4,2.0,322.994772753349,5.0,28.64
0.82,612.5,318.5,147.0,7.0,5,0.4,2.0,324.0925991144602,,28.01
0.79,637.0,343.0,147.0,7.0,2,0.4,2.0,345.2760339142349,6.0,41.64
0.79,637.0,343.0,147.0,7.0,3,0.4,2.0,347.36466195873527,10.0,43.1
0.79,637.0,343.0,147.0,7.0,4,0.4,2.0,346.25450847538207,4.0,42.74
0.79,637.0,343.0,147.0,7.0,5,0.4,2.0,347.7344440073053,4.0,41.92
0.76,661.5,416.5,122.5,7.0,2,0.4,2.0,418.16062555530306,8.0,40.78
0.76,661.5,416.5,122.5,7.0,3,0.4,2.0,418.83559605860177,1.0,40.15
0.76,661.5,416.5,122.5,7.0,4,0.4,2.0,420.5194252669954,6.0,40.57
0.76,661.5,416.5,122.5,7.0,5,0.4,2.0,417.5206837670418,7.0,40.42
0.74,686.0,245.0,220.5,3.5,2,0.4,2.0,251.7267651518264,7.0,14.54
0.74,686.0,245.0,220.5,3.5,3,0.4,2.0,246.14853882332557,7.0,14.45
0.74,686.0,245.0,220.5,3.5,4,0.4,2.0,247.40656994523533,5.0,14.18
0.74,686.0,245.0,220.5,3.5,5,0.4,2.0,251.5285520206021,8.0,14.5
0.71,710.5,269.5,220.5,3.5,2,0.4,2.0,271.01772858973845,8.0,14.7
0.71,710.5,269.5,220.5,3.5,3,0.4,2.0,273.8077882718825,8.0,14.66
0.71,710.5,269.5,220.5,3.5,4,0.4,2.0,274.3879612261231,4.0,14.4
0.71,710.5,269.5,220.5,3.5,5,0.4,2.0,270.9314829369666,5.0,14.71
0.69,735.0,294.0,220.5,3.5,2,0.4,2.0,297.8393857834173,1.0,14.75
0.69,735.0,294.0,220.5,3.5,3,0.4,2.0,295.0655117041873,1.0,14.71
0.69,735.0,294.0,220.5,3.5,4,0.4,2.0,300.90688353097937,3.0,14.33
0.69,735.0,294.0,220.5,3.5,5,0.4,2.0,296.7906416282903,9.0,14.62
0.66,759.5,318.5,220.5,3.5,2,0.4,2.0,325.28164426101637,8.0,15.34
0.66,759.5,318.5,220.5,3.5,3,0.4,2.0,324.6669284735745,5.0,15.29
0.66,759.5,318.5,220.5,3.5,4,0.4,2.0,320.73978089268735,4.0,15.09
0.66,759.5,318.5,220.5,3.5,5,0.4,2.0,319.5841515777683,7.0,15.3
0.64,784.0,343.0,220.5,3.5,2,0.4,2.0,349.33614576936446,6.0,19.2
0.64,784.0,343.0,220.5,3.5,3,0.4,2.0,344.46314512830133,4.0,18.88
0.64,784.0,343.0,220.5,3.5,4,0.4,2.0,348.3424269055549,6.0,18.9
0.64,784.0,343.0,220.5,3.5,5,0.4,2.0,349.09841359889674,8.0,19.12
0.62,808.5,367.5,220.5,3.5,2,0.4,2.0,368.8788885468134,1.0,16.76
0.62,808.5,367.5,220.5,3.5,3,0.4,2.0,369.59082806129067,6.0,17.23
0.62,808.5,367.5,220.5,3.5,5,0.4,2.0,374.76007606182077,4.0,17.15
0.98,514.5,294.0,110.25,7.0,2,0.4,3.0,301.3381628127711,10.0,32.82
0.98,514.5,294.0,110.25,7.0,3,0.4,3.0,295.2309800452424,5.0,32.69
0.98,514.5,294.0,110.25,7.0,4,0.4,3.0,301.951982066866,6.0,32.23
0.98,514.5,294.0,110.25,7.0,5,0.4,3.0,299.11540054084406,2.0,32.75
0.9,563.5,318.5,122.5,7.0,2,0.4,3.0,325.103562146125,6.0,34.24
0.9,563.5,318.5,122.5,7.0,3,0.4,3.0,324.9817622416594,5.0,34.95
0.9,563.5,318.5,122.5,7.0,4,0.4,,320.0012611178406,7.0,35.05
0.9,563.5,318.5,122.5,7.0,5,0.4,3.0,322.6210605140959,7.0,34.29
0.86,588.0,294.0,147.0,7.0,2,0.4,3.0,301.3854171114802,3.0,31.28
,588.0,294.0,147.0,7.0,3,0.4,3.0,297.1685235942486,6.0,32.12
0.86,588.0,294.0,147.0,7.0,4,0.4,3.0,297.5993483554305,3.0,32.05
0.86,588.0,294.0,147.0,7.0,5,0.4,3.0,300.78788621402686,8.0,31.84
0.82,612.5,318.5,147.0,7.0,2,0.4,3.0,325.6987369824218,10.0,28.67
0.82,612.5,318.5,147.0,7.0,3,0.4,3.0,322.21617307778445,1.0,29.67
0.82,612.5,318.5,147.0,7.0,4,0.4,3.0,319.9257195351691,6.0,29.47
0.82,612.5,318.5,147.0,7.0,5,0.4,3.0,325.97039660379664,3.0,28.91
0.79,637.0,343.0,147.0,7.0,2,0.4,3.0,347.12265278044714,8.0,41.26
0.79,637.0,343.0,147.0,7.0,3,0.4,3.0,349.7166931282354,3.0,41.3
0.79,637.0,343.0,147.0,7.0,4,0.4,3.0,349.47814715315104,3.0,42.49
0.79,637.0,343.0,147.0,7.0,5,0.4,3.0,346.8694042720078,3.0,42.08
0.76,661.5,416.5,122.5,7.0,2,0.4,3.0,420.28552698259296,2.0,39.32
0.76,661.5,416.5,122.5,7.0,3,0.4,3.0,418.96243102589335,7.0,39.84
0.76,661.5,416.5,122.5,7.0,4,0.4,3.0,423.65482719848103,7.0,38.89
0.76,661.5,416.5,122.5,7.0,5,0.4,3.0,419.8812318134131,7.0,39.68
0.74,686.0,245.0,220.5,3.5,2,0.4,3.0,251.104340255214,7.0,13.97
0.74,686.0,245.0,220.5,3.5,3,0.4,3.0,249.92285432450564,1.0,14.22
0.74,686.0,245.0,220.5,3.5,4,0.4,3.0,246.71500610077754,7.0,14.1
0.74,686.0,245.0,220.5,3.5,5,0.4,3.0,251.2511182150877,2.0,13.78
0.71,710.5,269.5,220.5,3.5,2,0.4,3.0,271.5166516996627,6.0,14.07
0.71,710.5,269.5,220.5,3.5,3,0.4,3.0,276.59945526449457,6.0,14.03
0.71,710.5,269.5,220.5,3.5,4,0.4,,276.6796179762613,6.0,13.94
0.71,710.5,269.5,220.5,3.5,5,0.4,3.0,271.83927036371495,7.0,13.86
0.69,735.0,294.0,220.5,3.5,2,0.4,3.0,301.3929473724529,7.0,14.32
0.69,735.0,294.0,220.5,3.5,3,0.4,3.0,297.4243856865804,4.0,14.56
0.69,735.0,294.0,220.5,3.5,4,0.4,3.0,301.0090941637913,9.0,14.33
0.69,735.0,294.0,220.5,3.5,5,0.4,3.0,298.9178167427422,4.0,14.08
0.66,759.5,318.5,220.5,3.5,2,0.4,3.0,324.72601699602194,8.0,15.16
0.66,759.5,318.5,220.5,3.5,3,0.4,3.0,322.72574104402787,4.0,15.18
0.66,759.5,318.5,220.5,3.5,4,0.4,3.0,325.25281270573385,4.0,14.72
0.66,759.5,318.5,220.5,3.5,5,0.4,,322.0033344347629,2.0,14.9
0.64,784.0,343.0,220.5,3.5,2,0.4,3.0,344.8394859274889,1.0,18.48
0.64,784.0,343.0,220.5,3.5,3,0.4,3.0,347.50608187902037,2.0,18.71
0.64,784.0,343.0,220.5,3.5,4,0.4,3.0,350.749734599266,1.0,18.48
0.64,784.0,343.0,220.5,3.5,5,0.4,3.0,347.1030641401555,3.0,18.46
0.62,808.5,367.5,220.5,3.5,2,0.4,3.0,373.089857428853,4.0,16.47
0.62,808.5,367.5,220.5,3.5,3,0.4,3.0,370.2616018853768,8.0,16.35
0.62,808.5,367.5,220.5,3.5,4,0.4,3.0,372.311561191513,5.0,16.55
0.62,808.5,367.5,220.5,3.5,5,0.4,3.0,372.1888565646733,2.0,16.74
0.98,514.5,294.0,110.25,7.0,2,0.4,4.0,295.7905558391144,9.0,32.85
0.98,514.5,294.0,110.25,7.0,3,0.4,4.0,300.33448201697655,5.0,32.67
0.98,514.5,294.0,110.25,7.0,4,0.4,4.0,300.8001908510354,6.0,32.21
0.98,514.5,294.0,110.25,7.0,5,0.4,4.0,297.9136543170086,10.0,32.74
0.9,563.5,318.5,122.5,7.0,2,0.4,4.0,320.4581312003754,4.0,36.45
0.9,563.5,318.5,122.5,7.0,3,0.4,4.0,322.5401993976242,1.0,35.73
0.9,563.5,318.5,122.5,7.0,4,0.4,4.0,322.0013641709141,10.0,35.4
0.9,563.5,318.5,122.5,7.0,5,0.4,4.0,319.7723988242544,4.0,36.57
0.86,588.0,294.0,147.0,7.0,2,0.4,4.0,301.24212180130775,2.0,32.38
0.86,588.0,294.0,147.0,7.0,3,0.4,4.0,299.73538158551645,9.0,31.66
0.86,588.0,294.0,147.0,7.0,4,0.4,4.0,296.17050923924694,2.0,32.15
0.86,588.0,294.0,147.0,7.0,5,0.4,4.0,299.872513619018,6.0,32.75
0.82,612.5,318.5,147.0,7.0,2,0.4,4.0,320.03753814030586,9.0,28.93
0.82,612.5,318.5,147.0,7.0,3,0.4,4.0,324.5356278562941,2.0,28.05
0.82,612.5,318.5,147.0,7.0,4,0.4,4.0,319.9107484983636,1.0,28.64
0.82,612.5,318.5,147.0,7.0,5,0.4,4.0,326.45487598758206,6.0,29.52
0.79,637.0,343.0,147.0,7.0,2,0.4,4.0,347.3656556073807,4.0,42.77
0.79,637.0,343.0,147.0,7.0,3,0.4,4.0,347.36717631939507,5.0,41.73
,637.0,343.0,147.0,7.0,4,0.4,4.0,347.8654758975207,2.0,41.32
0.79,637.0,343.0,147.0,7.0,5,0.4,4.0,350.2643013606659,3.0,42.96
0.76,661.5,416.5,122.5,7.0,2,0.4,4.0,419.5447069984517,4.0,40.68
0.76,661.5,416.5,122.5,7.0,3,0.4,4.0,422.82825963684957,5.0,40.4
0.76,661.5,416.5,122.5,7.0,4,0.4,4.0,417.7309618368925,6.0,40.6
0.76,661.5,416.5,122.5,7.0,5,0.4,4.0,419.9263195572829,3.0,40.11
0.74,686.0,245.0,220.5,3.5,2,0.4,4.0,248.72216603988292,3.0,14.37
0.74,686.0,245.0,220.5,3.5,3,0.4,4.0,248.22435069909116,6.0,14.48
0.74,686.0,245.0,220.5,3.5,4,0.4,4.0,248.21325779729543,8.0,14.32
,686.0,245.0,220.5,3.5,5,0.4,4.0,246.71367756502127,8.0,14.44
0.71,710.5,269.5,220.5,3.5,3,0.4,4.0,274.8682890238665,7.0,14.7
0.71,710.5,269.5,220.5,3.5,4,0.4,4.0,270.7240773539523,9.0,14.47
0.71,710.5,269.5,220.5,3.5,5,0.4,4.0,277.0267451403901,6.0,14.66
0.69,735.0,294.0,220.5,3.5,2,0.4,4.0,296.7110569479775,9.0,14.54
0.69,735.0,294.0,220.5,3.5,3,0.4,4.0,297.17896778991775,7.0,14.62
0.69,735.0,294.0,220.5,3.5,4,0.4,4.0,299.2828203217945,5.0,14.53
0.69,735.0,294.0,220.5,3.5,5,0.4,4.0,298.5434414419705,5.0,14.71
0.66,759.5,318.5,220.5,3.5,2,0.4,4.0,326.0760655417661,5.0,15.34
0.66,759.5,318.5,220.5,3.5,3,0.4,4.0,326.06638017412183,5.0,15.29
0.66,759.5,318.5,220.5,3.5,4,0.4,4.0,325.6025350523249,3.0,15.09
0.66,759.5,318.5,220.5,3.5,5,0.4,4.0,321.113715715706,2.0,15.3
0.64,784.0,343.0,220.5,3.5,2,0.4,4.0,347.8515004814158,7.0,19.06
0.64,784.0,343.0,220.5,3.5,3,0.4,,346.2132842294078,9.0,19.13
0.64,784.0,343.0,220.5,3.5,4,0.4,4.0,344.8126853491588,2.0,19.0
0.64,784.0,343.0,220.5,3.5,5,0.4,4.0,350.08372592512325,6.0,18.84
0.62,808.5,367.5,220.5,3.5,2,0.4,4.0,369.74175265003583,4.0,16.44
0.62,808.5,367.5,220.5,3.5,3,0.4,4.0,375.2777770038783,7.0,16.9
0.62,808.5,367.5,220.5,3.5,4,0.4,4.0,374.8553637632438,4.0,16.94
0.62,808.5,367.5,220.5,3.5,5,0.4,4.0,372.13693445005254,4.0,16.77
0.98,514.5,294.0,110.25,7.0,2,0.4,5.0,299.00366394769014,7.0,32.84
0.98,514.5,294.0,110.25,7.0,3,0.4,5.0,301.88842284925136,5.0,32.72
0.98,514.5,294.0,110.25,7.0,4,0.4,5.0,297.74213247490843,2.0,32.21
0.98,514.5,294.0,110.25,7.0,5,0.4,5.0,297.1540410129531,2.0,32.73
0.9,563.5,318.5,122.5,7.0,2,0.4,5.0,325.435795186589,5.0,35.67
0.9,563.5,318.5,122.5,7.0,3,0.4,5.0,322.66060104895325,4.0,35.01
0.9,563.5,318.5,122.5,7.0,5,0.4,5.0,323.3038867139927,8.0,35.24
0.86,588.0,294.0,147.0,7.0,2,0.4,5.0,299.7055524975159,8.0,32.31
0.86,588.0,294.0,147.0,7.0,3,0.4,5.0,296.7452632509335,8.0,31.81
0.86,588.0,294.0,147.0,7.0,4,0.4,5.0,297.60666090945296,3.0,31.12
0.86,588.0,294.0,147.0,7.0,5,0.4,5.0,297.12165438528996,8.0,32.06
0.82,612.5,318.5,147.0,7.0,2,0.4,5.0,326.3248784733736,4.0,30.0
0.82,612.5,318.5,147.0,7.0,3,0.4,5.0,324.95172544768536,3.0,29.5
0.82,612.5,318.5,147.0,7.0,4,0.4,5.0,321.5912214912583,5.0,29.06
0.82,612.5,318.5,147.0,7.0,5,0.4,5.0,320.0923669531411,7.0,29.92
0.79,637.0,343.0,147.0,7.0,2,0.4,5.0,348.52791862669756,3.0,42.11
0.79,637.0,343.0,147.0,7.0,3,0.4,5.0,344.47516703651536,3.0,41.96
0.79,637.0,343.0,147.0,7.0,4,0.4,,350.93181424283387,7.0,41.09
0.79,637.0,343.0,147.0,7.0,5,0.4,5.0,344.08571347094147,2.0,40.79
0.76,661.5,416.5,122.5,7.0,2,0.4,5.0,422.38181970260354,6.0,38.82
0.76,661.5,416.5,122.5,7.0,3,0.4,5.0,419.22744413975056,8.0,39.72
0.76,661.5,416.5,122.5,7.0,4,0.4,5.0,420.5965206649795,4.0,39.31
0.76,661.5,416.5,122.5,7.0,5,0.4,5.0,419.67941323995313,5.0,39.86
0.74,686.0,245.0,220.5,3.5,2,0.4,5.0,248.31459889495537,3.0,14.41
0.74,686.0,245.0,220.5,3.5,3,0.4,5.0,250.70941362046452,,14.19
0.74,686.0,245.0,220.5,3.5,4,0.4,5.0,246.16308309356182,,14.17
0.74,686.0,245.0,220.5,3.5,5,0.4,,252.08065121630258,9.0,14.39
0.71,710.5,269.5,220.5,3.5,2,0.4,5.0,274.85379042675305,8.0,12.43
0.71,710.5,269.5,220.5,3.5,4,0.4,5.0,272.31807159751924,3.0,12.76
0.71,710.5,269.5,220.5,3.5,5,0.4,5.0,275.0605832005731,5.0,12.42
0.69,735.0,294.0,220.5,3.5,2,0.4,,295.4347308728836,9.0,14.12
0.69,735.0,294.0,220.5,3.5,3,0.4,5.0,295.66152183707726,8.0,14.28
0.69,735.0,294.0,220.5,3.5,4,0.4,5.0,297.0637680719664,,14.37
0.69,735.0,294.0,220.5,3.5,5,0.4,5.0,295.27274053291745,8.0,14.21
0.66,759.5,318.5,220.5,3.5,2,0.4,5.0,324.86469402657735,,14.96
0.66,759.5,318.5,220.5,3.5,3,0.4,5.0,323.5962484632682,4.0,14.92
0.66,759.5,318.5,220.5,3.5,4,0.4,5.0,321.9896465904109,6.0,14.92
0.66,759.5,318.5,220.5,3.5,5,0.4,5.0,323.0637606719541,3.0,15.16
0.64,784.0,343.0,220.5,3.5,2,0.4,5.0,349.8089072391801,6.0,17.69
0.64,784.0,343.0,220.5,3.5,3,0.4,5.0,349.37322278028654,4.0,18.19
0.64,784.0,343.0,220.5,3.5,4,0.4,5.0,345.571803704063,8.0,18.16
0.64,784.0,343.0,220.5,3.5,5,0.4,5.0,348.1743546051584,6.0,17.88
0.62,808.5,367.5,220.5,3.5,3,0.4,5.0,372.2559816319479,5.0,16.44
0.62,808.5,367.5,220.5,3.5,4,0.4,5.0,371.0789572629608,9.0,16.48
0.62,808.5,367.5,220.5,3.5,5,0.4,5.0,370.41206354298544,3.0,16.64
